set,number,name,r,g,b,hex,c,m,y,k,reference
DMC,3713,Very Light Salmon,243,206,205,#f3cecd,0,15,16,5,https://stitchpalettes.com/embroidery-thread-color-schemes/?threadcode=3713
DMC,761,Light Salmon,234,184,185,#eab8b9,0,21,21,8,https://stitchpalettes.com/embroidery-thread-color-schemes/?threadcode=761
DMC,760,Salmon,210,140,142,#d28c8e,0,33,32,18,https://stitchpalettes.com/embroidery-thread-color-schemes/?threadcode=760
DMC ,3712,Medium Salmon,189,104,104,#bd6868,0,45,45,26,https://stitchpalettes.com/embroidery-thread-color-schemes/?threadcode=3712
DMC,3328,Dark Salmon,167,74,74,#a74a4a,0,56,56,35,https://stitchpalettes.com/embroidery-thread-color-schemes/?threadcode=3328
DMC,347,Very Dark Salmon,146,32,42,#92202a,0,78,71,43,https://stitchpalettes.com/embroidery-thread-color-schemes/?threadcode=347
DMC,535,Peach,242,193,176,#f2c1b0,0,20,27,5,https://stitchpalettes.com/embroidery-thread-color-schemes/?threadcode=353
DMC,352,Light Coral,217,134,118,#d98676,0,38,46,15,https://stitchpalettes.com/embroidery-thread-color-schemes/?threadcode=352
DMC,351,Coral,183,73,61,#b7493d,0,60,67,28,https://stitchpalettes.com/embroidery-thread-color-schemes/?threadcode=351
DMC,350,Medium Coral,166,50,42,#a6322a,0,70,75,35,https://stitchpalettes.com/embroidery-thread-color-schemes/?threadcode=350
DMC,349,Dark Coral,149,10,30,#950a1e,0,93,80,42,https://stitchpalettes.com/embroidery-thread-color-schemes/?threadcode=349
DMC,817,Very Dark Coral Red,143,1,21,#8f0115,0,99,85,44,https://stitchpalettes.com/embroidery-thread-color-schemes/?threadcode=817
DMC,304,Medium Red,127,0,45,#7f002d,0,100,65,50,https://stitchpalettes.com/embroidery-thread-color-schemes/?threadcode=304
DMC,3833,Light Raspberry,194,111,128,#c26f80,0,43,34,24,https://stitchpalettes.com/embroidery-thread-color-schemes/?threadcode=3833
DMC,3832,Medium Raspberry,177,71,93,#b1475d,0,60,47,31,https://stitchpalettes.com/embroidery-thread-color-schemes/?threadcode=3832
DMC,3831,Dark Raspberry,144,37,59,#90253b,0,74,59,44,https://stitchpalettes.com/embroidery-thread-color-schemes/?threadcode=3831
DMC,777,Very Dark Raspberry,95,2,36,#5f0224,0,98,62,63,https://stitchpalettes.com/embroidery-thread-color-schemes/?threadcode=777
DMC,3801,Very Dark Melon,182,46,59,#b62e3b,0,75,68,29,https://stitchpalettes.com/embroidery-thread-color-schemes/?threadcode=3801
DMC,666,Bright Red,152,0,21,#980015,0,100,86,40,https://stitchpalettes.com/embroidery-thread-color-schemes/?threadcode=666
DMC,321,Red,126,0,24,#7e0018,0,100,81,51,https://stitchpalettes.com/embroidery-thread-color-schemes/?threadcode=321
DMC,498,Dark Red,103,0,26,#67001a,0,100,75,60,https://stitchpalettes.com/embroidery-thread-color-schemes/?threadcode=498
DMC,816,Garnet,110,0,29,#6e001d,0,100,74,57,https://stitchpalettes.com/embroidery-thread-color-schemes/?threadcode=816
DMC,815,Medium Garnet,81,0,28,#51001c,0,100,65,68,https://stitchpalettes.com/embroidery-thread-color-schemes/?threadcode=815
DMC,814,Dark Garnet,70,4,27,#46041b,0,94,61,73,https://stitchpalettes.com/embroidery-thread-color-schemes/?threadcode=814
DMC,894,Very Light Carnation,232,152,173,#e898ad,0,34,25,9,https://stitchpalettes.com/embroidery-thread-color-schemes/?threadcode=894
DMC,893,Light Carnation,210,99,124,#d2637c,0,53,41,18,https://stitchpalettes.com/embroidery-thread-color-schemes/?threadcode=893
DMC,892,Medium Carnation,203,78,93,#cb4e5d,0,62,54,20,https://stitchpalettes.com/embroidery-thread-color-schemes/?threadcode=892
DMC,891,Dark Carnation,193,57,85,#c13955,0,70,56,24,https://stitchpalettes.com/embroidery-thread-color-schemes/?threadcode=891
DMC,818,Baby Pink,247,212,211,#f7d4d3,0,14,15,3,https://stitchpalettes.com/embroidery-thread-color-schemes/?threadcode=818
DMC,957,Pale Geranium,233,153,178,#e999b2,0,34,24,9,https://stitchpalettes.com/embroidery-thread-color-schemes/?threadcode=957
DMC,956,Geranium,211,93,134,#d35d86,0,56,36,17,https://stitchpalettes.com/embroidery-thread-color-schemes/?threadcode=956
DMC,3708,Light Melon,234,155,175,#ea9baf,0,34,25,8,https://stitchpalettes.com/embroidery-thread-color-schemes/?threadcode=3708
DMC,3706,Medium Melon,224,123,141,#e07b8d,0,45,37,12,https://stitchpalettes.com/embroidery-thread-color-schemes/?threadcode=3706
DMC,3705,Dark Melon,193,68,80,#c14450,0,65,59,24,https://stitchpalettes.com/embroidery-thread-color-schemes/?threadcode=3705
DMC,963,Ultra Very Light Dusty Rose,244,203,208,#f4cbd0,0,17,15,4,https://stitchpalettes.com/embroidery-thread-color-schemes/?threadcode=963
DMC,3716,Very Light Dusty Rose,228,170,186,#e4aaba,0,25,18,11,https://stitchpalettes.com/embroidery-thread-color-schemes/?threadcode=3716
DMC,962,Medium Dusty Rose,199,128,147,#c78093,0,36,26,22,https://stitchpalettes.com/embroidery-thread-color-schemes/?threadcode=962
DMC,961,Dark Dusty Rose,191,100,127,#bf647f,0,48,34,25,https://stitchpalettes.com/embroidery-thread-color-schemes/?threadcode=961
DMC,309,Dark Rose,145,50,68,#913244,0,66,53,43,https://stitchpalettes.com/embroidery-thread-color-schemes/?threadcode=309
DMC,819,Light Baby Pink,252,230,222,#fce6de,0,9,12,1,https://stitchpalettes.com/embroidery-thread-color-schemes/?threadcode=819
DMC,3326,Light Rose,227,165,175,#e3a5af,0,27,23,11,https://stitchpalettes.com/embroidery-thread-color-schemes/?threadcode=3326
DMC,899,Medium Rose,199,113,138,#c7718a,0,43,31,22,https://stitchpalettes.com/embroidery-thread-color-schemes/?threadcode=899
DMC,335,Rose,183,84,112,#b75470,0,54,39,28,https://stitchpalettes.com/embroidery-thread-color-schemes/?threadcode=335
DMC,326,Very Dark Rose,122,0,46,#7a002e,0,100,62,52,https://stitchpalettes.com/embroidery-thread-color-schemes/?threadcode=326
DMC,151,Very Light Dusty Rose,232,187,196,#e8bbc4,0,19,16,9,https://stitchpalettes.com/embroidery-thread-color-schemes/?threadcode=151
DMC,3354,Light Dusty Rose,215,159,172,#d79fac,0,26,20,16,https://stitchpalettes.com/embroidery-thread-color-schemes/?threadcode=3354
DMC,3733,Dusty Rose,193,122,141,#c17a8d,0,37,27,24,https://stitchpalettes.com/embroidery-thread-color-schemes/?threadcode=3733
DMC,3731,Very Dark Dusty Rose,170,78,107,#aa4e6b,0,54,37,33,https://stitchpalettes.com/embroidery-thread-color-schemes/?threadcode=3731
DMC,3350,Ultra Dark Dusty Rose,136,44,74,#882c4a,0,68,46,47,https://stitchpalettes.com/embroidery-thread-color-schemes/?threadcode=3350
DMC,150,Ultra Very Dark Dusty Rose,117,19,51,#751333,0,84,56,54,https://stitchpalettes.com/embroidery-thread-color-schemes/?threadcode=150
DMC,23,Apple Blossom,249,234,234,#f9eaea,0,6,6,2,https://stitchpalettes.com/embroidery-thread-color-schemes/?threadcode=23
DMC,3689,Light Mauve,231,191,205,#e7bfcd,0,17,11,9,https://stitchpalettes.com/embroidery-thread-color-schemes/?threadcode=3689
DMC,3688,Medium Mauve,186,129,152,#ba8198,0,31,18,27,https://stitchpalettes.com/embroidery-thread-color-schemes/?threadcode=3688
DMC,3687,Mauve,162,90,118,#a25a76,0,44,27,36,https://stitchpalettes.com/embroidery-thread-color-schemes/?threadcode=3687
DMC,3803,Dark Mauve,108,42,71,#6c2a47,0,61,34,58,https://stitchpalettes.com/embroidery-thread-color-schemes/?threadcode=3803
DMC,3685,Very Dark Mauve,83,13,43,#530d2b,0,84,48,67,https://stitchpalettes.com/embroidery-thread-color-schemes/?threadcode=3685
DMC,605,Very Light Cranberry,233,189,206,#e9bdce,0,19,12,9,https://stitchpalettes.com/embroidery-thread-color-schemes/?threadcode=605
DMC,604,Light Cranberry,226,166,190,#e2a6be,0,27,16,11,https://stitchpalettes.com/embroidery-thread-color-schemes/?threadcode=604
DMC,603,Cranberry,210,132,165,#d284a5,0,37,21,18,https://stitchpalettes.com/embroidery-thread-color-schemes/?threadcode=603
DMC,602,Medium Cranberry,187,84,129,#bb5481,0,55,31,27,https://stitchpalettes.com/embroidery-thread-color-schemes/?threadcode=602
DMC,601,Dark Cranberry,165,48,97,#a53061,0,71,41,35,https://stitchpalettes.com/embroidery-thread-color-schemes/?threadcode=601
DMC,600,Very Dark Cranberry,147,25,80,#931950,0,83,46,42,https://stitchpalettes.com/embroidery-thread-color-schemes/?threadcode=600
DMC,3806,Light Cyclamen Pink,212,140,172,#d48cac,0,34,19,17,https://stitchpalettes.com/embroidery-thread-color-schemes/?threadcode=3806
DMC,3805,Cyclamen Pink,176,73,126,#b0497e,0,59,28,31,https://stitchpalettes.com/embroidery-thread-color-schemes/?threadcode=3805
DMC,3804,Dark Cyclamen Pink,167,57,112,#a73970,0,66,33,35,https://stitchpalettes.com/embroidery-thread-color-schemes/?threadcode=3804
DMC,3609,Ultra Light Plum,221,181,210,#ddb5d2,0,18,5,13,https://stitchpalettes.com/embroidery-thread-color-schemes/?threadcode=3609
DMC,3608,Very Light Plum,201,148,183,#c994b7,0,26,9,21,https://stitchpalettes.com/embroidery-thread-color-schemes/?threadcode=3608
DMC,3607,Light Plum,156,76,141,#9c4c8d,0,51,10,39,https://stitchpalettes.com/embroidery-thread-color-schemes/?threadcode=3607
DMC,718,Plum,132,27,97,#841b61,0,80,27,48,https://stitchpalettes.com/embroidery-thread-color-schemes/?threadcode=718
DMC,917,Medium Plum,137,40,103,#892867,0,71,25,46,https://stitchpalettes.com/embroidery-thread-color-schemes/?threadcode=917
DMC,915,Dark Plum,86,0,43,#56002b,0,100,50,66,https://stitchpalettes.com/embroidery-thread-color-schemes/?threadcode=915
DMC,33,Fuchsia,129,74,126,#814a7e,0,43,2,49,https://stitchpalettes.com/embroidery-thread-color-schemes/?threadcode=33
DMC,34,Dark Fuchsia,104,23,92,#68175c,0,78,12,59,https://stitchpalettes.com/embroidery-thread-color-schemes/?threadcode=34
DMC,35,Very Dark Fuchsia,80,17,65,#501141,0,79,19,69,https://stitchpalettes.com/embroidery-thread-color-schemes/?threadcode=35
DMC,778,Very Light Antique Mauve,204,168,170,#cca8aa,0,18,17,20,https://stitchpalettes.com/embroidery-thread-color-schemes/?threadcode=778
DMC,3727,Light Antique Mauve,196,158,169,#c49ea9,0,19,14,23,https://stitchpalettes.com/embroidery-thread-color-schemes/?threadcode=3727
DMC,316,Medium Antique Mauve,172,131,150,#ac8396,0,24,13,33,https://stitchpalettes.com/embroidery-thread-color-schemes/?threadcode=316
DMC,3726,Dark Antique Mauve,135,86,94,#87565e,0,36,30,47,https://stitchpalettes.com/embroidery-thread-color-schemes/?threadcode=3726
DMC,315,Medium Dark Antique Mauve,106,56,65,#6a3841,0,47,39,58,https://stitchpalettes.com/embroidery-thread-color-schemes/?threadcode=315
DMC,3802,Very Dark Antique Mauve,85,35,49,#552331,0,59,42,67,https://stitchpalettes.com/embroidery-thread-color-schemes/?threadcode=3802
DMC,902,Very Dark Garnet,84,13,34,#540d22,0,85,60,67,https://stitchpalettes.com/embroidery-thread-color-schemes/?threadcode=902
DMC,3836,Light Grape,163,138,164,#a38aa4,1,16,0,36,https://stitchpalettes.com/embroidery-thread-color-schemes/?threadcode=3836
DMC,3835,Medium Grape,119,87,121,#775779,2,28,0,53,https://stitchpalettes.com/embroidery-thread-color-schemes/?threadcode=3835
DMC,3834,Dark Grape,74,39,72,#4a2748,0,47,3,71,https://stitchpalettes.com/embroidery-thread-color-schemes/?threadcode=3834
DMC,154,Very Dark Grape,37,3,31,#25031f,0,92,16,85,https://stitchpalettes.com/embroidery-thread-color-schemes/?threadcode=154
DMC,24,White Lavender,233,222,228,#e9dee4,0,5,2,9,https://stitchpalettes.com/embroidery-thread-color-schemes/?threadcode=24
DMC,25,Ultra Light Lavender,219,213,224,#dbd5e0,2,5,0,12,https://stitchpalettes.com/embroidery-thread-color-schemes/?threadcode=25
DMC,26,Pale Lavender,201,200,218,#c9c8da,8,8,0,15,https://stitchpalettes.com/embroidery-thread-color-schemes/?threadcode=26
DMC,211,Light Lavender,204,194,222,#ccc2de,8,13,0,13,https://stitchpalettes.com/embroidery-thread-color-schemes/?threadcode=211
DMC,210,Medium Lavender,178,165,205,#b2a5cd,13,20,0,20,https://stitchpalettes.com/embroidery-thread-color-schemes/?threadcode=210
DMC,209,Dark Lavender,149,131,180,#9583b4,17,27,0,29,https://stitchpalettes.com/embroidery-thread-color-schemes/?threadcode=209
DMC,208,Very Dark Lavender,111,84,151,#6f5497,26,44,0,41,https://stitchpalettes.com/embroidery-thread-color-schemes/?threadcode=208
DMC,3837,Ultra Dark Lavender,84,58,130,#543a82,35,55,0,49,https://stitchpalettes.com/embroidery-thread-color-schemes/?threadcode=3837
DMC,327,Dark Violet,89,62,99,#593e63,10,37,0,61,https://stitchpalettes.com/embroidery-thread-color-schemes/?threadcode=327
DMC,153,Very Light Violet,208,187,211,#d0bbd3,1,11,0,17,https://stitchpalettes.com/embroidery-thread-color-schemes/?threadcode=153
DMC,554,Light Violet,182,158,190,#b69ebe,4,17,0,25,https://stitchpalettes.com/embroidery-thread-color-schemes/?threadcode=554
DMC,553,Violet,122,95,150,#7a5f96,19,37,0,41,https://stitchpalettes.com/embroidery-thread-color-schemes/?threadcode=553
DMC,552,Medium Violet,101,70,127,#65467f,20,45,0,50,https://stitchpalettes.com/embroidery-thread-color-schemes/?threadcode=552
DMC,550,Very Dark Violet,53,13,71,#350d47,25,82,0,72,https://stitchpalettes.com/embroidery-thread-color-schemes/?threadcode=550
DMC,3743,Very Light Antique Violet,195,188,196,#c3bcc4,1,4,0,23,https://stitchpalettes.com/embroidery-thread-color-schemes/?threadcode=3743
DMC,3042,Light Antique Violet,163,153,165,#a399a5,1,7,0,35,https://stitchpalettes.com/embroidery-thread-color-schemes/?threadcode=3042
DMC,3041,Medium Antique Violet,114,92,106,#725c6a,0,19,7,55,https://stitchpalettes.com/embroidery-thread-color-schemes/?threadcode=3041
DMC,3740,Dark Antique Violet,85,60,72,#553c48,0,29,15,67,https://stitchpalettes.com/embroidery-thread-color-schemes/?threadcode=3740
DMC,27,White Violet,226,223,225,#e2dfe1,0,1,0,11,https://stitchpalettes.com/embroidery-thread-color-schemes/?threadcode=27
DMC,28,Medium Light Eggplant,121,114,132,#797284,8,14,0,48,https://stitchpalettes.com/embroidery-thread-color-schemes/?threadcode=28
DMC,29,Eggplant,60,46,68,#3c2e44,12,32,0,73,https://stitchpalettes.com/embroidery-thread-color-schemes/?threadcode=29
DMC,3747,Very Light Blue Violet,200,206,218,#c8ceda,8,6,0,15,https://stitchpalettes.com/embroidery-thread-color-schemes/?threadcode=3747
DMC,341,Light Blue Violet,156,175,201,#9cafc9,22,13,0,21,https://stitchpalettes.com/embroidery-thread-color-schemes/?threadcode=341
DMC,156,Medium Light Blue Violet,129,151,186,#8197ba,31,19,0,27,https://stitchpalettes.com/embroidery-thread-color-schemes/?threadcode=156
DMC,340,Medium Blue Violet,119,131,180,#7783b4,34,27,0,29,https://stitchpalettes.com/embroidery-thread-color-schemes/?threadcode=340
DMC,155,Medium Dark Blue Violet,120,127,178,#787fb2,33,29,0,30,https://stitchpalettes.com/embroidery-thread-color-schemes/?threadcode=155
DMC,3746,Dark Blue Violet,85,95,154,#555f9a,45,38,0,40,https://stitchpalettes.com/embroidery-thread-color-schemes/?threadcode=3746
DMC,333,Very Dark Blue Violet,60,62,129,#3c3e81,53,52,0,49,https://stitchpalettes.com/embroidery-thread-color-schemes/?threadcode=333
DMC,30,Medium Light Blueberry,126,125,158,#7e7d9e,20,21,0,38,https://stitchpalettes.com/embroidery-thread-color-schemes/?threadcode=30
DMC,31,Blueberry,92,91,128,#5c5b80,28,29,0,50,https://stitchpalettes.com/embroidery-thread-color-schemes/?threadcode=31
DMC,32,Dark Blueberry,62,64,99,#3e4063,37,35,0,61,https://stitchpalettes.com/embroidery-thread-color-schemes/?threadcode=32
DMC,157,Very Light Cornflower Blue,165,187,207,#a5bbcf,20,10,1,19,https://stitchpalettes.com/embroidery-thread-color-schemes/?threadcode=157
DMC,794,Light Cornflower Blue,132,160,186,#84a0ba,29,14,0,27,https://stitchpalettes.com/embroidery-thread-color-schemes/?threadcode=794
DMC,793,Medium Cornflower Blue,102,124,156,#667c9c,35,21,0,39,https://stitchpalettes.com/embroidery-thread-color-schemes/?threadcode=793
DMC,3807,Cornflower Blue,73,93,137,#495d89,47,32,0,46,https://stitchpalettes.com/embroidery-thread-color-schemes/?threadcode=3807
DMC,792,Dark Cornflower Blue,49,77,130,#314d82,62,41,0,49,https://stitchpalettes.com/embroidery-thread-color-schemes/?threadcode=792
DMC,158,Very Dark Cornflower Blue,43,64,108,#2b406c,60,41,0,58,https://stitchpalettes.com/embroidery-thread-color-schemes/?threadcode=158
DMC,791,Ultra Dark Cornflower Blue,12,37,87,#0c2557,86,57,0,66,https://stitchpalettes.com/embroidery-thread-color-schemes/?threadcode=791
DMC,3840,Light Lavender Blue,167,193,217,#a7c1d9,23,11,0,15,https://stitchpalettes.com/embroidery-thread-color-schemes/?threadcode=3840
DMC,3839,Medium Lavender Blue,116,144,187,#7490bb,38,23,0,27,https://stitchpalettes.com/embroidery-thread-color-schemes/?threadcode=3839
DMC,3838,Dark Lavender Blue,91,121,170,#5b79aa,46,29,0,33,https://stitchpalettes.com/embroidery-thread-color-schemes/?threadcode=3838
DMC,800,Pale Delft Blue,167,194,213,#a7c2d5,22,9,0,16,https://stitchpalettes.com/embroidery-thread-color-schemes/?threadcode=800
DMC,809,Delft Blue,136,168,200,#88a8c8,32,16,0,22,https://stitchpalettes.com/embroidery-thread-color-schemes/?threadcode=809
DMC,799,Medium Delft Blue,102,140,175,#668caf,42,20,0,31,https://stitchpalettes.com/embroidery-thread-color-schemes/?threadcode=799
DMC,798,Dark Delft Blue,48,101,152,#306598,68,34,0,40,https://stitchpalettes.com/embroidery-thread-color-schemes/?threadcode=798
DMC,797,Royal Blue,29,65,121,#1d4179,76,46,0,53,https://stitchpalettes.com/embroidery-thread-color-schemes/?threadcode=797
DMC,796,Dark Royal Blue,0,42,101,#002a65,100,58,0,60,https://stitchpalettes.com/embroidery-thread-color-schemes/?threadcode=796
DMC,820,Very Dark Royal Blue,0,26,83,#001a53,100,69,0,67,https://stitchpalettes.com/embroidery-thread-color-schemes/?threadcode=820
DMC,162,Ultra Very Light Blue,200,219,223,#c8dbdf,10,2,0,13,https://stitchpalettes.com/embroidery-thread-color-schemes/?threadcode=162
DMC,827,Very Light Blue Violet,172,200,213,#acc8d5,19,6,0,16,https://stitchpalettes.com/embroidery-thread-color-schemes/?threadcode=827
DMC,813,Light Blue,124,163,186,#7ca3ba,33,12,0,27,https://stitchpalettes.com/embroidery-thread-color-schemes/?threadcode=813
DMC,826,Medium Blue,78,127,162,#4e7fa2,52,22,0,36,https://stitchpalettes.com/embroidery-thread-color-schemes/?threadcode=826
DMC,825,Dark Blue,6,83,123,#06537b,95,33,0,52,https://stitchpalettes.com/embroidery-thread-color-schemes/?threadcode=825
DMC,824,Very Dark Blue,0,60,103,#003c67,100,42,0,60,https://stitchpalettes.com/embroidery-thread-color-schemes/?threadcode=824
DMC,996,Medium Electri Blue,58,171,209,#3aabd,72,18,0,18,https://stitchpalettes.com/embroidery-thread-color-schemes/?threadcode=996
DMC,3843,Electric Blue,0,136,183,#0088b7,100,26,0,28,https://stitchpalettes.com/embroidery-thread-color-schemes/?threadcode=3843
DMC,3845,Medium Bright Turquoise,0,171,189,#00abbd,100,10,0,26,https://stitchpalettes.com/embroidery-thread-color-schemes/?threadcode=3845
DMC,995,Dark Electric Blue,0,123,175,#007baf,100,30,0,31,https://stitchpalettes.com/embroidery-thread-color-schemes/?threadcode=995
DMC,3846,Light Bright Turquoise,56,196,211,#38c4d3,73,7,0,17,https://stitchpalettes.com/embroidery-thread-color-schemes/?threadcode=3846
DMC,3844,Dark Bright Turquoise,0,136,161,#0088a1,100,16,0,37,https://stitchpalettes.com/embroidery-thread-color-schemes/?threadcode=3844
DMC,159,Light Gray Blue,166,173,190,#a6adbe,13,9,0,25,https://stitchpalettes.com/embroidery-thread-color-schemes/?threadcode=159
DMC,160,Medium Gray Blue,119,135,160,#7787a0,26,16,0,37,https://stitchpalettes.com/embroidery-thread-color-schemes/?threadcode=160
DMC,161,Gray Blue,81,96,124,#51607c,35,23,0,51,https://stitchpalettes.com/embroidery-thread-color-schemes/?threadcode=161
DMC,3756,Ultra Very Light Baby Blue,229,232,226,#e5e8e2,1,0,3,9,https://stitchpalettes.com/embroidery-thread-color-schemes/?threadcode=3756
DMC,775,Very Light Baby Blue,199,214,217,#c7d6d9,8,1,0,15,https://stitchpalettes.com/embroidery-thread-color-schemes/?threadcode=775
DMC,3841,Pale Baby Blue,191,210,217,#bfd2d9,12,3,0,15,https://stitchpalettes.com/embroidery-thread-color-schemes/?threadcode=3841
DMC,3325,Light Baby Blue,161,189,205,#a1bdcd,21,8,0,20,https://stitchpalettes.com/embroidery-thread-color-schemes/?threadcode=3325
DMC,3755,Baby Blue,134,171,194,#86abc2,31,12,0,24,https://stitchpalettes.com/embroidery-thread-color-schemes/?threadcode=3755
DMC,334,Medium Baby Blue,91,136,164,#5b88a4,45,17,0,36,https://stitchpalettes.com/embroidery-thread-color-schemes/?threadcode=334
DMC,322,Dark Baby Blue,87,126,162,#577ea2,46,22,0,36,https://stitchpalettes.com/embroidery-thread-color-schemes/?threadcode=322
DMC,312,Very Dark Baby Blue,14,68,105,#0e4469,87,35,0,59,https://stitchpalettes.com/embroidery-thread-color-schemes/?threadcode=312
DMC,803,Ultra Very Dark Baby Blue,0,53,88,#003558,100,40,0,65,https://stitchpalettes.com/embroidery-thread-color-schemes/?threadcode=803
DMC,336,Navy Blue,15,42,71,#0f2a47,79,41,0,72,https://stitchpalettes.com/embroidery-thread-color-schemes/?threadcode=336
DMC,939,Very Dark Navy Blue,11,12,28,#0b0c1c,61,57,0,89,https://stitchpalettes.com/embroidery-thread-color-schemes/?threadcode=939
DMC,3753,Ultra Very Light Antique Blue,199,211,215,#c7d3d7,7,2,0,16,https://stitchpalettes.com/embroidery-thread-color-schemes/?threadcode=3753
DMC,3752,Very Light Antique Blue,193,191,199,#adbfc7,13,4,0,22,https://stitchpalettes.com/embroidery-thread-color-schemes/?threadcode=3752
DMC,932,Light Antique Blue,139,161,175,#8ba1af,21,8,0,31,https://stitchpalettes.com/embroidery-thread-color-schemes/?threadcode=932
DMC,931,Medium Antique Blue,91,122,142,#5b7a8e,36,14,0,44,https://stitchpalettes.com/embroidery-thread-color-schemes/?threadcode=931
DMC,930,Dark Antique Blue,42,69,81,#2a4551,48,15,0,68,https://stitchpalettes.com/embroidery-thread-color-schemes/?threadcode=930
DMC,3750,Very Dark Antique Blue,13,51,70,#0d3346,81,27,0,73,https://stitchpalettes.com/embroidery-thread-color-schemes/?threadcode=3750
DMC,828,Ultra Very Light Sky Blue,195,217,217,#c3d9d9,10,0,0,15,https://stitchpalettes.com/embroidery-thread-color-schemes/?threadcode=828
DMC,3761,Light Sky Blue,177,209,213,#b1d1d5,17,2,0,16,https://stitchpalettes.com/embroidery-thread-color-schemes/?threadcode=3761
DMC,519,Sky Blue,144,183,196,#90b7c4,27,7,0,23,https://stitchpalettes.com/embroidery-thread-color-schemes/?threadcode=519
DMC,518,Light Wedgewood,86,146,161,#5692a1,47,9,0,37,https://stitchpalettes.com/embroidery-thread-color-schemes/?threadcode=518
DMC,3760,Medium Wedgewood,66,129,152,#428198,57,15,0,40,https://stitchpalettes.com/embroidery-thread-color-schemes/?threadcode=3760
DMC,517,Dark Wedgewood,11,94,129,#0b5e81,91,27,0,49,https://stitchpalettes.com/embroidery-thread-color-schemes/?threadcode=517
DMC,3842,Very Dark Wedgewood,0,72,104,#004868,100,31,0,59,https://stitchpalettes.com/embroidery-thread-color-schemes/?threadcode=3842
DMC,311,Medium Navy Blue,0,56,84,#003854,100,33,0,67,https://stitchpalettes.com/embroidery-thread-color-schemes/?threadcode=311
DMC,747,Very Light Sky Blue,205,228,227,#cde4e3,10,0,0,11,https://stitchpalettes.com/embroidery-thread-color-schemes/?threadcode=747
DMC,3766,Light Peacock Blue,144,190,193,#90bec1,25,2,0,24,https://stitchpalettes.com/embroidery-thread-color-schemes/?threadcode=3766
DMC,807,Peacock Blue,85,147,156,#55939c,46,6,0,39,https://stitchpalettes.com/embroidery-thread-color-schemes/?threadcode=807
DMC,3765,Very Dark Peacock Blue,0,96,121,#006079,100,21,0,53,https://stitchpalettes.com/embroidery-thread-color-schemes/?threadcode=3765
DMC,3811,Very Light Turquoise,182,210,206,#b6d2ce,13,0,2,18,https://stitchpalettes.com/embroidery-thread-color-schemes/?threadcode=3811
DMC,598,Light Turquoise,154,191,187,#9abfbb,19,0,2,25,https://stitchpalettes.com/embroidery-thread-color-schemes/?threadcode=598
DMC,597,Turquoise,106,156,161,#6a9ca1,34,3,0,37,https://stitchpalettes.com/embroidery-thread-color-schemes/?threadcode=597
DMC,3810,Dark Turquoise,70,133,136,#468588,49,2,0,47,https://stitchpalettes.com/embroidery-thread-color-schemes/?threadcode=3810
DMC,3809,Very Dark Turquoise,1,97,99,#016163,99,2,0,61,https://stitchpalettes.com/embroidery-thread-color-schemes/?threadcode=3809
DMC,3808,Ultra Very Dark Turquoise,25,78,80,#194e50,69,2,0,69,https://stitchpalettes.com/embroidery-thread-color-schemes/?threadcode=3808
DMC,928,Very Light Gray Green,200,205,198,#c8cdc6,2,0,3,20,https://stitchpalettes.com/embroidery-thread-color-schemes/?threadcode=928
DMC,927,Light Gray Green,159,171,163,#9faba3,7,0,5,33,https://stitchpalettes.com/embroidery-thread-color-schemes/?threadcode=927
DMC,926,Medium Gray Green,121,137,133,#798985,12,0,3,46,https://stitchpalettes.com/embroidery-thread-color-schemes/?threadcode=926
DMC,3768,Dark Gray Green,73,90,95,#495a5f,23,5,0,63,https://stitchpalettes.com/embroidery-thread-color-schemes/?threadcode=3768
DMC,924,Very Dark Gray Green,31,63,66,#1f3f42,53,5,0,74,https://stitchpalettes.com/embroidery-thread-color-schemes/?threadcode=924
DMC,3849,Light Teal Green,102,158,148,#669e94,35,0,6,38,https://stitchpalettes.com/embroidery-thread-color-schemes/?threadcode=3849
DMC,3848,Medium Teal Green,47,121,108,#2f796c,61,0,11,53,https://stitchpalettes.com/embroidery-thread-color-schemes/?threadcode=3848
DMC,3847,Dark Teal Green,0,82,69,#005245,100,0,16,68,https://stitchpalettes.com/embroidery-thread-color-schemes/?threadcode=3847
DMC,964,Light Seagreen,168,212,199,#a8d4c7,21,0,6,17,https://stitchpalettes.com/embroidery-thread-color-schemes/?threadcode=964
DMC,959,Medium Seagreen,117,183,159,#75b79f,36,0,13,28,https://stitchpalettes.com/embroidery-thread-color-schemes/?threadcode=959
DMC,958,Dark Seagreen,102,171,146,#66ab92,40,0,15,33,https://stitchpalettes.com/embroidery-thread-color-schemes/?threadcode=958
DMC,3812,Very Dark Seagreen,0,136,103,#008867,100,0,24,47,https://stitchpalettes.com/embroidery-thread-color-schemes/?threadcode=3812
DMC,3851,Light Bright Green,89,169,132,#59a984,47,0,22,34,https://stitchpalettes.com/embroidery-thread-color-schemes/?threadcode=3851
DMC,943,Medium Aquamarine,18,140,100,#128c64,87,0,29,45,https://stitchpalettes.com/embroidery-thread-color-schemes/?threadcode=943
DMC,3850,Dark Bright Green,0,124,77,#007c4d,100,0,38,51,https://stitchpalettes.com/embroidery-thread-color-schemes/?threadcode=3850
DMC,993,Very Light Aquamarine,129,177,151,#81b197,27,0,15,31,https://stitchpalettes.com/embroidery-thread-color-schemes/?threadcode=993
DMC,992,Light Aquamarine,96,153,125,#60997d,37,0,18,40,https://stitchpalettes.com/embroidery-thread-color-schemes/?threadcode=992
DMC,3814,Aquamarine,44,120,98,#2c7862,63,0,18,53,https://stitchpalettes.com/embroidery-thread-color-schemes/?threadcode=3814
DMC,991,Dark Aquamarine,0,97,71,#006147,100,0,27,62,https://stitchpalettes.com/embroidery-thread-color-schemes/?threadcode=991
DMC,966,Medium Baby Green,167,188,156,#a7bc9c,11,0,17,26,https://stitchpalettes.com/embroidery-thread-color-schemes/?threadcode=966
DMC,564,Very Light Jade,174,199,167,#aec7a7,13,0,16,22,https://stitchpalettes.com/embroidery-thread-color-schemes/?threadcode=564
DMC,563,Light Jade,150,183,149,#96b795,18,0,19,28,https://stitchpalettes.com/embroidery-thread-color-schemes/?threadcode=563
DMC,562,Medium Jade,92,134,94,#5c865e,31,0,30,47,https://stitchpalettes.com/embroidery-thread-color-schemes/?threadcode=562
DMC,505,Jade Green,55,99,61,#37633d,44,0,38,61,https://stitchpalettes.com/embroidery-thread-color-schemes/?threadcode=505
DMC,3817,Light Celadon Green,165,187,168,#a5bba8,12,0,10,27,https://stitchpalettes.com/embroidery-thread-color-schemes/?threadcode=3817
DMC,3816,Celadon Green,118,154,133,#769a85,23,0,14,40,https://stitchpalettes.com/embroidery-thread-color-schemes/?threadcode=3816
DMC,163,Medium Celadon Green,85,122,96,#557a60,30,0,21,52,https://stitchpalettes.com/embroidery-thread-color-schemes/?threadcode=163
DMC,3815,Dark Celadon Green,76,114,87,#4c7257,33,0,24,55,https://stitchpalettes.com/embroidery-thread-color-schemes/?threadcode=3815
DMC,561,Very Dark Jade,49,90,70,#315e46,48,0,26,63,https://stitchpalettes.com/embroidery-thread-color-schemes/?threadcode=561
DMC,3813,Light Blue Green,179,196,182,#b3c4b6,9,0,7,23,https://stitchpalettes.com/embroidery-thread-color-schemes/?threadcode=3813
DMC,503,Medium Blue Green,140,167,154,#8ca79a,16,0,8,35,https://stitchpalettes.com/embroidery-thread-color-schemes/?threadcode=503
DMC,502,Blue Green,116,140,124,#748c7c,17,0,11,45,https://stitchpalettes.com/embroidery-thread-color-schemes/?threadcode=502
DMC,501,Dark Blue Green,83,106,94,#536a5e,22,0,11,58,https://stitchpalettes.com/embroidery-thread-color-schemes/?threadcode=501
DMC,500,Very Dark Blue Green,19,37,25,#132519,49,0,32,85,https://stitchpalettes.com/embroidery-thread-color-schemes/?threadcode=500
DMC,955,Light Nile Green,190,218,177,#bedab1,13,0,19,15,https://stitchpalettes.com/embroidery-thread-color-schemes/?threadcode=955
DMC,13,Medium Light Nile Green,185,211,159,#b9d39f,12,0,25,17,https://stitchpalettes.com/embroidery-thread-color-schemes/?threadcode=13
DMC,954,Nile Green,157,196,147,#9dc493,20,0,25,23,https://stitchpalettes.com/embroidery-thread-color-schemes/?threadcode=954
DMC,913,Medium Nile Green,127,173,119,#7fad77,27,0,31,32,https://stitchpalettes.com/embroidery-thread-color-schemes/?threadcode=913
DMC,912,Light Emerald Green,97,155,99,#619b63,37,0,36,39,https://stitchpalettes.com/embroidery-thread-color-schemes/?threadcode=912
DMC,911,Medium Emerald Green,57,134,68,#398644,57,0,49,47,https://stitchpalettes.com/embroidery-thread-color-schemes/?threadcode=911
DMC,910,Dark Emerald Green,30,108,43,#1e6c2b,72,0,60,58,https://stitchpalettes.com/embroidery-thread-color-schemes/?threadcode=910
DMC,909,Very Dark Emerald Green,0,85,20,#005514,100,0,76,67,https://stitchpalettes.com/embroidery-thread-color-schemes/?threadcode=909
DMC,3818,Ultra Very Dark Emerald Green,0,64,21,#004015,100,0,67,75,https://stitchpalettes.com/embroidery-thread-color-schemes/?threadcode=3818
DMC,369,Very Light Pistachio Green,194,204,168,#c2cca8,5,0,18,20,https://stitchpalettes.com/embroidery-thread-color-schemes/?threadcode=369
DMC,368,Light Pistachio Green,143,159,116,#8f9f74,10,0,27,38,https://stitchpalettes.com/embroidery-thread-color-schemes/?threadcode=368
DMC,320,Medium Pistachio Green,105,127,91,#697f5b,17,0,28,50,https://stitchpalettes.com/embroidery-thread-color-schemes/?threadcode=320
DMC,367,Dark Pistachio Green,72,97,62,#48613e,26,0,36,62,https://stitchpalettes.com/embroidery-thread-color-schemes/?threadcode=367
DMC,319,Very Dark Pistachio Green,23,52,24,#173418,56,0,54,80,https://stitchpalettes.com/embroidery-thread-color-schemes/?threadcode=319
DMC,890,Ultra Dark Pistachio Green,13,29,0,#0d1d00,55,0,100,89,https://stitchpalettes.com/embroidery-thread-color-schemes/?threadcode=890
DMC,164,Light Forest Green,166,183,132,#a6b784,9,0,28,28,https://stitchpalettes.com/embroidery-thread-color-schemes/?threadcode=164
DMC,989,Forest Green,127,143,80,#7f8f50,11,0,44,44,https://stitchpalettes.com/embroidery-thread-color-schemes/?threadcode=989
DMC,988,Medium Forest Green,110,126,64,#6e7e40,13,0,49,51,https://stitchpalettes.com/embroidery-thread-color-schemes/?threadcode=988
DMC,987,Dark Forest Green,72,92,44,#485c2c,22,0,52,64,https://stitchpalettes.com/embroidery-thread-color-schemes/?threadcode=987
DMC,986,Very Dark Forest Green,34,66,20,#224214,48,0,70,74,https://stitchpalettes.com/embroidery-thread-color-schemes/?threadcode=986
DMC,772,Very Light Yellow Green,219,219,178,#dbdbb2,0,0,19,14,https://stitchpalettes.com/embroidery-thread-color-schemes/?threadcode=772
DMC,3348,Light Yellow Green,189,180,115,#bdb473,0,5,39,26,https://stitchpalettes.com/embroidery-thread-color-schemes/?threadcode=3348
DMC,3347,Medium Yellow Green,115,121,59,#73793b,5,0,51,53,https://stitchpalettes.com/embroidery-thread-color-schemes/?threadcode=3347
DMC,3346,Hunter Green,90,97,43,#5a612b,7,0,56,62,https://stitchpalettes.com/embroidery-thread-color-schemes/?threadcode=3346
DMC,3345,Dark Hunter Green,43,58,6,#2b3a06,26,0,90,77,https://stitchpalettes.com/embroidery-thread-color-schemes/?threadcode=3345
DMC,895,Very Dark Hunter Green,33,58,22,#213a16,43,0,62,77,https://stitchpalettes.com/embroidery-thread-color-schemes/?threadcode=895
DMC,14,Pale Apple Green,223,226,165,#dfe2a5,1,0,27,11,https://stitchpalettes.com/embroidery-thread-color-schemes/?threadcode=14
DMC,15,Apple Green,210,212,141,#d2d48d,1,0,33,17,https://stitchpalettes.com/embroidery-thread-color-schemes/?threadcode=15
DMC,16,Light Chartreuse,194,198,91,#c2c65b,2,0,54,22,https://stitchpalettes.com/embroidery-thread-color-schemes/?threadcode=16
DMC,704,Bright Chartreuse,145,161,57,#91a139,10,0,65,37,https://stitchpalettes.com/embroidery-thread-color-schemes/?threadcode=704
DMC,703,Chartreuse,127,153,64,#7f9940,17,0,58,40,https://stitchpalettes.com/embroidery-thread-color-schemes/?threadcode=703
DMC,702,Kelly Green,93,135,56,#5d8738,31,0,59,47,https://stitchpalettes.com/embroidery-thread-color-schemes/?threadcode=702
DMC,701,Light Green,66,120,41,#427829,45,0,66,53,https://stitchpalettes.com/embroidery-thread-color-schemes/?threadcode=701
DMC,700,Bright Green,40,105,35,#286923,62,0,67,59,https://stitchpalettes.com/embroidery-thread-color-schemes/?threadcode=700
DMC,699,Green,0,79,17,#004f11,100,0,78,69,https://stitchpalettes.com/embroidery-thread-color-schemes/?threadcode=699
DMC,907,Light Parrot Green,164,174,40,#a4ae28,6,0,77,32,https://stitchpalettes.com/embroidery-thread-color-schemes/?threadcode=907
DMC,906,Medium Parrot Green,103,135,0,#678700,24,0,100,47,https://stitchpalettes.com/embroidery-thread-color-schemes/?threadcode=906
DMC,905,Dark Parrot Green,79,102,17,#4f6611,23,0,83,60,https://stitchpalettes.com/embroidery-thread-color-schemes/?threadcode=905
DMC,904,Very Dark Parrot Green,62,81,15,#3e510f,23,0,81,68,https://stitchpalettes.com/embroidery-thread-color-schemes/?threadcode=904
DMC,472,Ultra Light Avocado Green,193,179,98,#c1b362,0,7,49,24,https://stitchpalettes.com/embroidery-thread-color-schemes/?threadcode=472
DMC,471,Very Light Avocado Green,144,140,72,#908c48,0,3,50,44,https://stitchpalettes.com/embroidery-thread-color-schemes/?threadcode=471
DMC,470,Light Avocado Green,117,123,35,#757b23,2,0,72,52,https://stitchpalettes.com/embroidery-thread-color-schemes/?threadcode=470
DMC,469,Avocado Green,94,92,23,#5e5c17,0,2,76,63,https://stitchpalettes.com/embroidery-thread-color-schemes/?threadcode=469
DMC,937,Medium Avocado Green,81,85,19,#515513,5,0,78,67,https://stitchpalettes.com/embroidery-thread-color-schemes/?threadcode=937
DMC,936,Very Dark Avocado Green,66,66,28,#42421c,0,0,58,74,https://stitchpalettes.com/embroidery-thread-color-schemes/?threadcode=936
DMC,935,Dark Avocado Green,51,52,28,#33341c,2,0,46,80,https://stitchpalettes.com/embroidery-thread-color-schemes/?threadcode=935
DMC,934,Black Avocado Green,39,39,22,#272716,0,0,44,85,https://stitchpalettes.com/embroidery-thread-color-schemes/?threadcode=934
DMC,3364,Pine Green,135,135,89,#878759,0,0,34,47,https://stitchpalettes.com/embroidery-thread-color-schemes/?threadcode=3364
DMC,3363,Medium Pine Green,108,113,77,#6c714d,4,0,32,56,https://stitchpalettes.com/embroidery-thread-color-schemes/?threadcode=3363
DMC,3362,Dark Pine Green,82,90,59,#525a3b,9,0,34,65,https://stitchpalettes.com/embroidery-thread-color-schemes/?threadcode=3362
DMC,10,Very Light Tender Green,234,226,189,#eae2bd,0,3,19,8,https://stitchpalettes.com/embroidery-thread-color-schemes/?threadcode=10
DMC,11,Light Tender Green,232,215,124,#e8d77c,0,7,47,9,https://stitchpalettes.com/embroidery-thread-color-schemes/?threadcode=11
DMC,12,Tender Green,217,200,84,#d9c854,0,8,61,15,https://stitchpalettes.com/embroidery-thread-color-schemes/?threadcode=12
DMC,165,Very Light Moss Green,218,199,116,#dac774,0,9,47,15,https://stitchpalettes.com/embroidery-thread-color-schemes/?threadcode=165
DMC,3819,Light Moss Green,213,194,90,#d5c25a,0,9,58,16,https://stitchpalettes.com/embroidery-thread-color-schemes/?threadcode=3819
DMC,166,Medium Light Moss Green,185,162,22,#b9a216,0,12,88,27,https://stitchpalettes.com/embroidery-thread-color-schemes/?threadcode=166
DMC,581,Moss Green,136,132,32,#888420,0,3,76,47,https://stitchpalettes.com/embroidery-thread-color-schemes/?threadcode=581
DMC,580,Dark Moss Green,103,94,23,#675e17,0,9,78,60,https://stitchpalettes.com/embroidery-thread-color-schemes/?threadcode=580
DMC,523,Light Fern Green,162,162,134,#a2a286,0,0,17,36,https://stitchpalettes.com/embroidery-thread-color-schemes/?threadcode=523
DMC,3053,Green Gray,157,154,112,#9d9a70,0,2,29,38,https://stitchpalettes.com/embroidery-thread-color-schemes/?threadcode=3053
DMC,3052,Medium Green Gray,132,128,90,#84805a,0,3,32,48,https://stitchpalettes.com/embroidery-thread-color-schemes/?threadcode=3052
DMC,3051,Dark Green Gray,72,69,29,#48451d,0,4,60,72,https://stitchpalettes.com/embroidery-thread-color-schemes/?threadcode=3051
DMC,524,Very Light Fern Green,179,176,148,#b3b094,0,2,17,30,https://stitchpalettes.com/embroidery-thread-color-schemes/?threadcode=524
DMC,522,Fern Green,150,154,126,#969a7e,3,0,18,46,https://stitchpalettes.com/embroidery-thread-color-schemes/?threadcode=522
DMC,520,Dark  Fern Green,68,80,54,#445036,15,0,33,69,https://stitchpalettes.com/embroidery-thread-color-schemes/?threadcode=520
DMC,734,Light Olive Green,187,156,74,#bb9c4a,0,17,60,27,https://stitchpalettes.com/embroidery-thread-color-schemes/?threadcode=734
DMC,733,Medium Olive Green,165,135,44,#a5872c,0,18,73,35,https://stitchpalettes.com/embroidery-thread-color-schemes/?threadcode=733
DMC,732,Olive Green,116,92,1,#745c01,0,21,99,55,https://stitchpalettes.com/embroidery-thread-color-schemes/?threadcode=732
DMC,730,Very Dark Olive Green,90,72,8,#5a4808,0,20,91,65,https://stitchpalettes.com/embroidery-thread-color-schemes/?threadcode=730
DMC,3013,Light Khaki Green,176,161,113,#b0a171,0,9,36,31,https://stitchpalettes.com/embroidery-thread-color-schemes/?threadcode=3013
DMC,3012,Medium Khaki Green,134,117,65,#867541,0,13,51,47,https://stitchpalettes.com/embroidery-thread-color-schemes/?threadcode=3012
DMC,3011,Dark Khaki Green,102,88,47,#66582f,0,14,54,60,https://stitchpalettes.com/embroidery-thread-color-schemes/?threadcode=3011
DMC,372,Light Mustard,179,161,117,#b3a175,0,10,35,30,https://stitchpalettes.com/embroidery-thread-color-schemes/?threadcode=372
DMC,371,Mustard,158,133,82,#9e8552,0,16,58,38,https://stitchpalettes.com/embroidery-thread-color-schemes/?threadcode=371
DMC,370,Medium Mustard,159,136,82,#9f8852,0,14,48,38,https://stitchpalettes.com/embroidery-thread-color-schemes/?threadcode=370
DMC,17,Light Yellow Plum,233,198,95,#e9c65f,0,15,59,9,https://stitchpalettes.com/embroidery-thread-color-schemes/?threadcode=17
DMC,18,Yellow Plum,225,186,68,#e1ba44,0,17,70,12,https://stitchpalettes.com/embroidery-thread-color-schemes/?threadcode=18
DMC,834,Very Light Golden Olive,198,163,87,#c6a357,0,18,56,22,https://stitchpalettes.com/embroidery-thread-color-schemes/?threadcode=834
DMC,833,Light Golden Olive,174,136,54,#ae8836,0,22,69,32,https://stitchpalettes.com/embroidery-thread-color-schemes/?threadcode=833
DMC,832,Golden Olive,154,115,30,#9a731e,0,25,81,40,https://stitchpalettes.com/embroidery-thread-color-schemes/?threadcode=832
DMC,831,Medium Golden Olive,127,95,22,#7f5f16,0,25,83,50,https://stitchpalettes.com/embroidery-thread-color-schemes/?threadcode=831
DMC,830,Dark Golden Olive,103,75,16,#674b10,0,27,84,60,https://stitchpalettes.com/embroidery-thread-color-schemes/?threadcode=830
DMC,829,Very Dark Golden Olive,95,61,13,#5f3d0d,0,36,86,63,https://stitchpalettes.com/embroidery-thread-color-schemes/?threadcode=829
DMC,746,Off White,245,235,207,#f5ebcf,0,4,16,4,https://stitchpalettes.com/embroidery-thread-color-schemes/?threadcode=746
DMC,677,Very Light Old Gold,233,209,160,#e9d1a0,0,10,31,9,https://stitchpalettes.com/embroidery-thread-color-schemes/?threadcode=677
DMC,422,Light Hazelnut Brown,191,157,109,#bf9d6d,0,18,43,25,https://stitchpalettes.com/embroidery-thread-color-schemes/?threadcode=422
DMC,3828,Hazelnut Brown,168,130,79,#a8824f,0,23,53,34,https://stitchpalettes.com/embroidery-thread-color-schemes/?threadcode=3828
DMC,420,Dark Hazelnut Brown,165,90,40,#875a28,0,33,70,47,https://stitchpalettes.com/embroidery-thread-color-schemes/?threadcode=420
DMC,869,Very Dark Hazelnut Brown,112,76,30,#704c1e,0,32,73,56,https://stitchpalettes.com/embroidery-thread-color-schemes/?threadcode=869
DMC,613,Very Light Drab Brown,214,201,177,#d6c9b1,0,6,17,16,https://stitchpalettes.com/embroidery-thread-color-schemes/?threadcode=613
DMC,612,Light Drab Brown,173,148,109,#ad946d,0,14,37,32,https://stitchpalettes.com/embroidery-thread-color-schemes/?threadcode=612
DMC,611,Drab Brown,112,90,57,#705a39,0,20,49,56,https://stitchpalettes.com/embroidery-thread-color-schemes/?threadcode=611
DMC,610,Dark Drab Brown,107,82,45,#6b522d,0,23,58,58,https://stitchpalettes.com/embroidery-thread-color-schemes/?threadcode=610
DMC,3047,Light Yellow Beige,225,206,163,#e1cea3,0,8,28,12,https://stitchpalettes.com/embroidery-thread-color-schemes/?threadcode=3047
DMC,3046,Medium Yellow Beige,208,181,126,#d0b57e,0,13,39,18,https://stitchpalettes.com/embroidery-thread-color-schemes/?threadcode=3046
DMC,3045,Dark Yellow Beige,169,131,82,#a98352,0,22,51,34,https://stitchpalettes.com/embroidery-thread-color-schemes/?threadcode=3045
DMC,167,Very Dark Yellow Beige,149,107,58,#956b3a,0,28,61,42,https://stitchpalettes.com/embroidery-thread-color-schemes/?threadcode=167
DMC,676,Light Old Gold,219,175,109,#dbaf6d,0,20,50,14,https://stitchpalettes.com/embroidery-thread-color-schemes/?threadcode=676
DMC,729,Medium Old Gold,184,135,67,#b88743,0,27,64,28,https://stitchpalettes.com/embroidery-thread-color-schemes/?threadcode=729
DMC,680,Dark Old Gold,160,114,47,#a0722f,0,29,71,37,https://stitchpalettes.com/embroidery-thread-color-schemes/?threadcode=680
DMC,3829,Very Dark Old Gold,148,98,25,#946219,0,34,83,42,https://stitchpalettes.com/embroidery-thread-color-schemes/?threadcode=3829
DMC,3822,Light Straw,236,196,111,#ecc46f,0,17,53,7,https://stitchpalettes.com/embroidery-thread-color-schemes/?threadcode=3822
DMC,3821,Straw,221,171,70,#ddab46,0,23,68,13,https://stitchpalettes.com/embroidery-thread-color-schemes/?threadcode=3821
DMC,3820,Dark Straw,208,154,46,#d09a2e,0,26,78,18,https://stitchpalettes.com/embroidery-thread-color-schemes/?threadcode=3820
DMC,3852,Very Dark Straw,192,129,3,#c08103,0,33,98,25,https://stitchpalettes.com/embroidery-thread-color-schemes/?threadcode=3852
DMC,728,Topaz,226,165,56,#e2a538,0,27,75,11,https://stitchpalettes.com/embroidery-thread-color-schemes/?threadcode=728
DMC,783,Medium Topaz,196,129,28,#c4811c,0,34,86,23,https://stitchpalettes.com/embroidery-thread-color-schemes/?threadcode=783
DMC,782,Dark Topaz,153,92,0,#995c00,0,40,100,40,https://stitchpalettes.com/embroidery-thread-color-schemes/?threadcode=782
DMC,780,Ultra Very Dark Topaz,132,71,5,#844705,0,46,96,48,https://stitchpalettes.com/embroidery-thread-color-schemes/?threadcode=780
DMC,3823,Ultra Pale Yellow,251,234,197,#fbeac5,0,7,22,2,https://stitchpalettes.com/embroidery-thread-color-schemes/?threadcode=3823
DMC,3855,Light Autumn Gold,249,203,140,#f9cb8c,0,18,44,2,https://stitchpalettes.com/embroidery-thread-color-schemes/?threadcode=3855
DMC,19,Medium Light Autumn Gold,251,192,124,#fbc07c,0,24,51,2,https://stitchpalettes.com/embroidery-thread-color-schemes/?threadcode=19
DMC,3854,Medium Autumn Gold,226,154,93,#e29a5d,0,32,59,11,https://stitchpalettes.com/embroidery-thread-color-schemes/?threadcode=3854
DMC,3853,Dark Autumn Gold,205,114,45,#cd722d,0,44,78,20,https://stitchpalettes.com/embroidery-thread-color-schemes/?threadcode=3853
DMC,3827,Pale Golden Brown,222,163,105,#dea369,0,27,53,13,https://stitchpalettes.com/embroidery-thread-color-schemes/?threadcode=3827
DMC,977,Light Golden Brown,214,146,84,#d69254,0,32,61,16,https://stitchpalettes.com/embroidery-thread-color-schemes/?threadcode=977
DMC,976,Medium Golden Brown,181,108,42,#b56c2a,0,40,77,29,https://stitchpalettes.com/embroidery-thread-color-schemes/?threadcode=976
DMC,3826,Golden Brown,151,84,35,#975423,0,44,77,41,https://stitchpalettes.com/embroidery-thread-color-schemes/?threadcode=3826
DMC,975,Dark Golden Brown,101,45,8,#652d08,0,55,92,60,https://stitchpalettes.com/embroidery-thread-color-schemes/?threadcode=975
DMC,445,Light Lemon,255,237,148,#ffed94,0,7,42,0,https://stitchpalettes.com/embroidery-thread-color-schemes/?threadcode=445
DMC,307,Lemon,255,212,56,#ffd438,0,17,78,0,https://stitchpalettes.com/embroidery-thread-color-schemes/?threadcode=307
DMC,973,Bright Canary,250,195,0,#fac300,0,22,100,2,https://stitchpalettes.com/embroidery-thread-color-schemes/?threadcode=973
DMC,444,Dark Lemon,248,189,0,#f8bd00,0,24,100,3,https://stitchpalettes.com/embroidery-thread-color-schemes/?threadcode=444
DMC,3078,Very Light Golden Yellow,250,227,160,#fae3a0,0,9,36,2,https://stitchpalettes.com/embroidery-thread-color-schemes/?threadcode=3078
DMC,727,Very Light Topaz,252,221,135,#fcdd87,0,12,46,1,https://stitchpalettes.com/embroidery-thread-color-schemes/?threadcode=727
DMC,726,Light Topaz,248,200,83,#f8c853,0,19,67,3,https://stitchpalettes.com/embroidery-thread-color-schemes/?threadcode=726
DMC,725,Medium Light Topaz,238,175,66,#eeaf42,0,26,72,7,https://stitchpalettes.com/embroidery-thread-color-schemes/?threadcode=725
DMC,972,Deep Canary,245,158,0,#f59e00,0,36,100,4,https://stitchpalettes.com/embroidery-thread-color-schemes/?threadcode=972
DMC,745,Light Pale Yellow,253,226,172,#fde2ac,0,11,32,1,https://stitchpalettes.com/embroidery-thread-color-schemes/?threadcode=745
DMC,744,Pale Yellow,250,209,130,#fad182,0,16,48,2,https://stitchpalettes.com/embroidery-thread-color-schemes/?threadcode=744
DMC,743,Medium Yellow,248,192,88,#f8c058,0,23,65,3,https://stitchpalettes.com/embroidery-thread-color-schemes/?threadcode=743
DMC,742,Light Tangerine,243,162,48,#f3a230,0,33,80,5,https://stitchpalettes.com/embroidery-thread-color-schemes/?threadcode=742
DMC,741,Medium Tangerine,238,135,0,#ee8700,0,43,100,7,https://stitchpalettes.com/embroidery-thread-color-schemes/?threadcode=741
DMC,740,Tangerine,219,100,0,#db6400,0,54,100,14,https://stitchpalettes.com/embroidery-thread-color-schemes/?threadcode=740
DMC,970,Light Pumpkin,231,110,32,#e76e20,0,52,86,9,https://stitchpalettes.com/embroidery-thread-color-schemes/?threadcode=970
DMC,947,Burnt Orange,207,80,22,#cf5016,0,61,89,19,https://stitchpalettes.com/embroidery-thread-color-schemes/?threadcode=947
DMC,946,Medium Burnt Orange,193,75,30,#c14b1e,0,61,84,24,https://stitchpalettes.com/embroidery-thread-color-schemes/?threadcode=946
DMC,900,Dark Burnt Orange,166,54,31,#a6361f,0,67,81,35,https://stitchpalettes.com/embroidery-thread-color-schemes/?threadcode=900
DMC,967,Very Light Apricot,252,202,185,#fccab9,0,20,27,1,https://stitchpalettes.com/embroidery-thread-color-schemes/?threadcode=967
DMC,3824,Light Apricot,246,170,151,#f6aa97,0,31,39,4,https://stitchpalettes.com/embroidery-thread-color-schemes/?threadcode=3824
DMC,3341,Apricot,234,142,119,#ea8e77,0,39,49,8,https://stitchpalettes.com/embroidery-thread-color-schemes/?threadcode=3341
DMC,3340,Medium Apricot,223,108,73,#df6c49,0,52,67,13,https://stitchpalettes.com/embroidery-thread-color-schemes/?threadcode=3340
DMC,608,Bright Orange,204,63,24,#cc3f18,0,69,88,20,https://stitchpalettes.com/embroidery-thread-color-schemes/?threadcode=608
DMC,606,Bright Orange-Red,174,13,19,#ae0d13,0,93,89,32,https://stitchpalettes.com/embroidery-thread-color-schemes/?threadcode=606
DMC,951,Light Tawny,238,210,185,#eed2b9,0,12,22,7,https://stitchpalettes.com/embroidery-thread-color-schemes/?threadcode=951
DMC,3856,Ultra Very Light Mahogany,233,187,147,#e9bb93,0,20,37,9,https://stitchpalettes.com/embroidery-thread-color-schemes/?threadcode=3856
DMC,722,Light Orange Spice,231,141,91,#e78d5b,0,39,61,9,https://stitchpalettes.com/embroidery-thread-color-schemes/?threadcode=722
DMC,721,Medium Orange Spice,209,98,43,#d1622b,0,53,79,18,https://stitchpalettes.com/embroidery-thread-color-schemes/?threadcode=721
DMC,720,Dark Orange Spice,177,67,2,#b14302,0,62,99,31,https://stitchpalettes.com/embroidery-thread-color-schemes/?threadcode=720
DMC,3825,Pale Pumpkin,242,168,126,#f2a87e,0,31,48,5,https://stitchpalettes.com/embroidery-thread-color-schemes/?threadcode=3825
DMC,922,Light Copper,190,103,58,#be673a,0,46,69,25,https://stitchpalettes.com/embroidery-thread-color-schemes/?threadcode=922
DMC,921,Copper,161,74,33,#a14a21,0,54,80,37,https://stitchpalettes.com/embroidery-thread-color-schemes/?threadcode=921
DMC,920,Medium Copper,135,49,19,#873113,0,64,86,47,https://stitchpalettes.com/embroidery-thread-color-schemes/?threadcode=920
DMC,919,Red Copper,113,28,2,#711c02,0,75,98,56,https://stitchpalettes.com/embroidery-thread-color-schemes/?threadcode=919
DMC,918,Dark Red Copper,108,36,17,#6c2411,0,67,84,58,https://stitchpalettes.com/embroidery-thread-color-schemes/?threadcode=918
DMC,3770,Very Light Tawny,248,230,213,#f8e6d5,0,7,14,3,https://stitchpalettes.com/embroidery-thread-color-schemes/?threadcode=3770
DMC,945,Tawny,227,194,167,#e3c2a7,0,15,26,11,https://stitchpalettes.com/embroidery-thread-color-schemes/?threadcode=945
DMC,402,Very Light Mahogany,211,145,101,#d39165,0,31,52,17,https://stitchpalettes.com/embroidery-thread-color-schemes/?threadcode=402
DMC,3776,Light Mahogany,177,100,52,#b16434,0,44,71,31,https://stitchpalettes.com/embroidery-thread-color-schemes/?threadcode=3776
DMC,301,Medium Mahogany,143,74,28,#8f4a1c,0,48,80,44,https://stitchpalettes.com/embroidery-thread-color-schemes/?threadcode=301
DMC,400,Dark Mahogany,102,39,0,#662700,0,62,100,60,https://stitchpalettes.com/embroidery-thread-color-schemes/?threadcode=400
DMC,300,Very Dark Mahogany,74,27,0,#4a1b00,0,64,100,71,https://stitchpalettes.com/embroidery-thread-color-schemes/?threadcode=300
DMC,225,Ultra Very Light Shell Pink,238,207,201,#eecfc9,0,13,16,7,https://stitchpalettes.com/embroidery-thread-color-schemes/?threadcode=225
DMC,224,Very Light Shell Pink,211,169,163,#d3a9a3,0,20,23,17,https://stitchpalettes.com/embroidery-thread-color-schemes/?threadcode=224
DMC,152,Medium Light Shell Pink,195,149,148,#c39594,0,24,24,24,https://stitchpalettes.com/embroidery-thread-color-schemes/?threadcode=152
DMC,223,Light Shell Pink,153,94,101,#995e65,0,39,34,40,https://stitchpalettes.com/embroidery-thread-color-schemes/?threadcode=223
DMC,3722,Medium Shell Pink,140,78,82,#8c4e52,0,44,41,45,https://stitchpalettes.com/embroidery-thread-color-schemes/?threadcode=3722
DMC,3721,Dark Shell Pink,121,53,55,#793537,0,56,55,53,https://stitchpalettes.com/embroidery-thread-color-schemes/?threadcode=3721
DMC,221,Very Dark Shell Pink,99,28,33,#631c21,0,72,67,61,https://stitchpalettes.com/embroidery-thread-color-schemes/?threadcode=221
DMC,948,Very Light Shell Pink,237,210,191,#edd2bf,0,11,19,7,https://stitchpalettes.com/embroidery-thread-color-schemes/?threadcode=948
DMC,754,Light Peach,228,182,160,#e4b6a0,0,20,30,11,https://stitchpalettes.com/embroidery-thread-color-schemes/?threadcode=754
DMC,3771,Ultra Very Light Terra Cotta,214,161,132,#d6a184,0,25,38,16,https://stitchpalettes.com/embroidery-thread-color-schemes/?threadcode=3771
DMC,758,Very Light Terra Cotta,206,152,132,#ce9884,0,26,36,19,https://stitchpalettes.com/embroidery-thread-color-schemes/?threadcode=758
DMC,3778,Light Terra Cotta,177,110,93,#b16e5d,0,38,47,31,https://stitchpalettes.com/embroidery-thread-color-schemes/?threadcode=3778
DMC,356,Medium Terra Cotta,152,82,69,#985245,0,46,55,40,https://stitchpalettes.com/embroidery-thread-color-schemes/?threadcode=356
DMC,3830,Terra Cotta,135,54,43,#87362b,0,60,68,47,https://stitchpalettes.com/embroidery-thread-color-schemes/?threadcode=3830
DMC,355,Dark Terra Cotta,109,27,22,#6d1b16,0,75,80,57,https://stitchpalettes.com/embroidery-thread-color-schemes/?threadcode=355
DMC,3777,Very Dark Terra Cotta,95,13,17,#5f0d11,0,86,82,63,https://stitchpalettes.com/embroidery-thread-color-schemes/?threadcode=3777
DMC,3779,Very Light Rosewood,222,173,158,#dead9e,0,22,29,13,https://stitchpalettes.com/embroidery-thread-color-schemes/?threadcode=3779
DMC,3859,Light Rosewood,161,111,93,#a16f5d,0,31,42,37,https://stitchpalettes.com/embroidery-thread-color-schemes/?threadcode=3859
DMC,3858,Medium Rosewood,99,47,43,#632f2b,0,53,57,61,https://stitchpalettes.com/embroidery-thread-color-schemes/?threadcode=3858
DMC,3857,Dark Rosewood,68,21,8,#441508,0,69,88,73,https://stitchpalettes.com/embroidery-thread-color-schemes/?threadcode=3857
DMC,20,Shrimp,247,192,175,#f7c0af,0,22,29,3,https://stitchpalettes.com/embroidery-thread-color-schemes/?threadcode=20
DMC,21,Light Alizarin,178,101,86,#b26556,0,43,52,30,https://stitchpalettes.com/embroidery-thread-color-schemes/?threadcode=21
DMC,22,Alizarin,131,39,37,#832725,0,70,72,49,https://stitchpalettes.com/embroidery-thread-color-schemes/?threadcode=22
DMC,3774,Very Light Desert Sand,229,201,182,#e5c9b6,0,12,21,10,https://stitchpalettes.com/embroidery-thread-color-schemes/?threadcode=3774
DMC,950,Light Desert Sand,221,190,168,#ddbea8,0,14,24,13,https://stitchpalettes.com/embroidery-thread-color-schemes/?threadcode=950
DMC,3064,Desert Sand,171,122,99,#ab7a63,0,29,42,33,https://stitchpalettes.com/embroidery-thread-color-schemes/?threadcode=3064
DMC,407,Dark Desert Sand,173,130,114,#ad8272,0,25,34,32,https://stitchpalettes.com/embroidery-thread-color-schemes/?threadcode=407
DMC,3772,Very Dark Desert Sand,138,90,74,#8a5a4a,0,35,46,46,https://stitchpalettes.com/embroidery-thread-color-schemes/?threadcode=3772
DMC,632,Ultra Very Dark Desert Sand,112,66,53,#704235,0,41,53,56,https://stitchpalettes.com/embroidery-thread-color-schemes/?threadcode=632
DMC,453,Light Shell Gray,204,193,185,#ccc1b9,0,5,9,20,https://stitchpalettes.com/embroidery-thread-color-schemes/?threadcode=453
DMC,452,Medium Shell Gray,177,161,157,#b1a19d,0,9,11,31,https://stitchpalettes.com/embroidery-thread-color-schemes/?threadcode=452
DMC,451,Dark Shell Gray,134,116,111,#86746f,0,13,17,47,https://stitchpalettes.com/embroidery-thread-color-schemes/?threadcode=451
DMC,3861,Light Cocoa,155,131,126,#9b837e,0,15,19,39,https://stitchpalettes.com/embroidery-thread-color-schemes/?threadcode=3861
DMC,3860,Cocoa,108,81,75,#6c514b,0,25,31,58,https://stitchpalettes.com/embroidery-thread-color-schemes/?threadcode=3860
DMC,779,Dark Cocoa,88,60,55,#583c37,0,32,38,65,https://stitchpalettes.com/embroidery-thread-color-schemes/?threadcode=779
DMC,9,Very Dark Cocoa,65,46,48,#412e30,0,29,26,75,https://stitchpalettes.com/embroidery-thread-color-schemes/?threadcode=09
DMC,712,Cream,237,223,201,#eddfc9,0,6,15,7,https://stitchpalettes.com/embroidery-thread-color-schemes/?threadcode=712
DMC,739,Ultra Very Light Tan,234,212,180,#ead4b4,0,9,23,8,https://stitchpalettes.com/embroidery-thread-color-schemes/?threadcode=739
DMC,738,Very Light Tan,212,180,140,#d4b48c,0,15,34,17,https://stitchpalettes.com/embroidery-thread-color-schemes/?threadcode=738
DMC,437,Light Tan,204,159,113,#cc9f71,0,22,45,20,https://stitchpalettes.com/embroidery-thread-color-schemes/?threadcode=437
DMC,436,Tan,172,121,72,#ac7948,0,30,58,33,https://stitchpalettes.com/embroidery-thread-color-schemes/?threadcode=436
DMC,435,Very Light Brown,153,98,50,#996232,0,36,67,40,https://stitchpalettes.com/embroidery-thread-color-schemes/?threadcode=435
DMC,434,Light Brown,121,68,18,#794412,0,44,85,53,https://stitchpalettes.com/embroidery-thread-color-schemes/?threadcode=434
DMC,433,Medium Brown,92,49,13,#5c310d,0,47,86,64,https://stitchpalettes.com/embroidery-thread-color-schemes/?threadcode=433
DMC,801,Dark Coffee Brown,76,40,12,#4c280f,0,47,80,70,https://stitchpalettes.com/embroidery-thread-color-schemes/?threadcode=801
DMC,898,Very Dark Coffee Brown,63,33,8,#3f2108,0,48,87,75,https://stitchpalettes.com/embroidery-thread-color-schemes/?threadcode=898
DMC,938,Ultra Dark Coffee Brown,51,24,6,#331806,0,53,88,80,https://stitchpalettes.com/embroidery-thread-color-schemes/?threadcode=938
DMC,3371,Black Brown,31,5,0,#1f0500,0,84,100,88,https://stitchpalettes.com/embroidery-thread-color-schemes/?threadcode=3371
DMC,543,Ultra Very Light Beige,222,201,184,#dec9b8,0,9,17,13,https://stitchpalettes.com/embroidery-thread-color-schemes/?threadcode=543
DMC,3864,Light Mocha Beige,191,162,139,#bfa28b,0,15,27,25,https://stitchpalettes.com/embroidery-thread-color-schemes/?threadcode=3864
DMC,3863,Medium Mocha Beige,147,112,85,#937055,0,24,42,42,https://stitchpalettes.com/embroidery-thread-color-schemes/?threadcode=3863
DMC,3862,Dark Mocha Beige,124,88,59,#7c583b,0,29,52,51,https://stitchpalettes.com/embroidery-thread-color-schemes/?threadcode=3862
DMC,3031,Very Dark Mocha Brown,57,37,15,#392515,0,35,63,78,https://stitchpalettes.com/embroidery-thread-color-schemes/?threadcode=3031
DMC,3865,Winter White,251,249,240,#fbf9f0,0,1,4,2,https://stitchpalettes.com/embroidery-thread-color-schemes/?threadcode=3865
DMC,Ecru,Ecru,240,227,205,#f0e3cd,0,5,15,6,https://stitchpalettes.com/embroidery-thread-color-schemes/?threadcode=Ecru
DMC,822,Light Beige Gray,223,211,191,#dfd3bf,0,5,14,13,https://stitchpalettes.com/embroidery-thread-color-schemes/?threadcode=822
DMC,644,Medium Beige Gray,200,190,168,#c8bea8,0,5,16,22,https://stitchpalettes.com/embroidery-thread-color-schemes/?threadcode=644
DMC,642,Dark Beige Gray,146,134,110,#92866e,0,8,25,43,https://stitchpalettes.com/embroidery-thread-color-schemes/?threadcode=642
DMC,640,Very Dark Beige Gray,123,111,83,#7b6f53,0,10,33,52,https://stitchpalettes.com/embroidery-thread-color-schemes/?threadcode=640
DMC,3787,Dark Brown Gray,78,72,54,#4e4836,0,8,31,69,https://stitchpalettes.com/embroidery-thread-color-schemes/?threadcode=3787
DMC,3021,Very Dark Brown Gray,47,38,26,#2f261a,0,19,45,82,https://stitchpalettes.com/embroidery-thread-color-schemes/?threadcode=3021
DMC,844,Ultra Dark Beaver Gray,64,57,51,#403933,0,11,20,75,https://stitchpalettes.com/embroidery-thread-color-schemes/?threadcode=844
DMC,3033,Very Light Mocha Brown,213,198,178,#d5c6b2,0,7,16,16,https://stitchpalettes.com/embroidery-thread-color-schemes/?threadcode=3033
DMC,3782,Light Mocha Brown,180,163,138,#b4a38a,0,9,23,29,https://stitchpalettes.com/embroidery-thread-color-schemes/?threadcode=3782
DMC,3032,Medium Mocha Brown,145,128,100,#918064,0,12,31,43,https://stitchpalettes.com/embroidery-thread-color-schemes/?threadcode=3032
DMC,3790,Ultra Dark Beige Gray,123,100,77,#7b644d,0,19,37,52,https://stitchpalettes.com/embroidery-thread-color-schemes/?threadcode=3790
DMC,3781,Dark Mocha Brown,72,52,32,#483420,0,28,56,72,https://stitchpalettes.com/embroidery-thread-color-schemes/?threadcode=3781
DMC,5,Light Driftwood,197,183,173,#c5b7ad,0,7,12,23,https://stitchpalettes.com/embroidery-thread-color-schemes/?threadcode=05
DMC,6,Medium Light Driftwood,189,174,163,#bdaea3,0,8,14,26,https://stitchpalettes.com/embroidery-thread-color-schemes/?threadcode=06
DMC,7,Driftwood,143,125,111,#8f7d6f,0,13,22,44,https://stitchpalettes.com/embroidery-thread-color-schemes/?threadcode=07
DMC,8,Dark Driftwood,88,68,55,#584437,0,23,38,65,https://stitchpalettes.com/embroidery-thread-color-schemes/?threadcode=08
DMC,3866,Ultra Very Light Mocha,229,219,207,#e5dbcf,0,4,10,10,https://stitchpalettes.com/embroidery-thread-color-schemes/?threadcode=3866
DMC,842,Very Light Beige Brown,187,165,146,#bba592,0,12,22,27,https://stitchpalettes.com/embroidery-thread-color-schemes/?threadcode=842
DMC,841,Light Beige Brown,165,140,121,#a58c79,0,15,27,35,https://stitchpalettes.com/embroidery-thread-color-schemes/?threadcode=841
DMC,840,Medium Beige Brown,131,106,85,#836a55,0,19,35,49,https://stitchpalettes.com/embroidery-thread-color-schemes/?threadcode=840
DMC,839,Dark Beige Brown,78,56,39,#4e3827,0,28,50,69,https://stitchpalettes.com/embroidery-thread-color-schemes/?threadcode=839
DMC,838,Very Dark Beige Brown,57,33,23,#392117,0,42,60,78,https://stitchpalettes.com/embroidery-thread-color-schemes/?threadcode=838
DMC,3072,Very Light Beaver Gray,208,208,196,#d0d0c4,0,0,6,18,https://stitchpalettes.com/embroidery-thread-color-schemes/?threadcode=3072
DMC,647,Medium Beaver Gray,158,156,138,#9e9c8a,0,1,13,38,https://stitchpalettes.com/embroidery-thread-color-schemes/?threadcode=647
DMC,3023,Light Brown Gray,165,157,137,#a59d89,0,5,17,35,https://stitchpalettes.com/embroidery-thread-color-schemes/?threadcode=3023
DMC,3022,Medium Brown Gray,135,132,108,#87846c,0,2,20,47,https://stitchpalettes.com/embroidery-thread-color-schemes/?threadcode=3022
DMC,3024,Very Light Brown Gray,202,199,186,#cac7ba,0,1,8,21,https://stitchpalettes.com/embroidery-thread-color-schemes/?threadcode=3024
DMC,648,Light Beaver Gray,176,168,155,#b0a89b,0,5,12,31,https://stitchpalettes.com/embroidery-thread-color-schemes/?threadcode=648
DMC,646,Dark Beaver Gray,128,123,105,#807b69,0,4,18,50,https://stitchpalettes.com/embroidery-thread-color-schemes/?threadcode=646
DMC,645,Very Dark Beaver Gray,89,86,76,#59564c,0,3,15,65,https://stitchpalettes.com/embroidery-thread-color-schemes/?threadcode=645
DMC,B5200,Snow White,255,255,255,#ffffff,0,0,0,0,https://stitchpalettes.com/embroidery-thread-color-schemes/?threadcode=B5200
DMC,Blanc,White,249,249,245,#f9f9f5,0,0,2,2,https://stitchpalettes.com/embroidery-thread-color-schemes/?threadcode=Blanc
DMC,762,Very Light Pearl Gray,221,222,220,#dddedc,0,0,1,13,https://stitchpalettes.com/embroidery-thread-color-schemes/?threadcode=762
DMC,415,Pearl Gray,145,148,152,#919498,5,3,0,40,https://stitchpalettes.com/embroidery-thread-color-schemes/?threadcode=415
DMC,318,Light Steel Gray,151,154,162,#979aa2,7,5,0,36,https://stitchpalettes.com/embroidery-thread-color-schemes/?threadcode=318
DMC,414,Dark Steel Gray,112,116,125,#70747d,10,7,0,51,https://stitchpalettes.com/embroidery-thread-color-schemes/?threadcode=414
DMC,1,White Tin,209,208,205,#d1d0cd,0,0,2,18,https://stitchpalettes.com/embroidery-thread-color-schemes/?threadcode=01
DMC,2,Tin,190,190,189,#bebebd,0,0,1,25,https://stitchpalettes.com/embroidery-thread-color-schemes/?threadcode=02
DMC,3,Medium Tin,151,152,156,#97989c,3,3,0,39,https://stitchpalettes.com/embroidery-thread-color-schemes/?threadcode=03
DMC,4,Dark Tin,116,114,117,#747275,1,3,0,54,https://stitchpalettes.com/embroidery-thread-color-schemes/?threadcode=04
DMC,535,Very Light Ash Gray,72,70,68,#484644,0,3,6,72,https://stitchpalettes.com/embroidery-thread-color-schemes/?threadcode=535
DMC,168,Very Light Pewter,182,189,189,#b6bdbd,4,0,0,26,https://stitchpalettes.com/embroidery-thread-color-schemes/?threadcode=168
DMC,169,Light Pewter,125,132,130,#7d8482,5,0,2,48,https://stitchpalettes.com/embroidery-thread-color-schemes/?threadcode=169
DMC,317,Pewter Gray,76,82,90,#4c525a,16,9,0,65,https://stitchpalettes.com/embroidery-thread-color-schemes/?threadcode=317
DMC,413,Dark Pewter Gray,58,65,67,#3a4143,13,3,0,74,https://stitchpalettes.com/embroidery-thread-color-schemes/?threadcode=413
DMC,3799,Very Dark Pewter Gray,44,44,42,#2c2c2a,0,0,5,83,https://stitchpalettes.com/embroidery-thread-color-schemes/?threadcode=3799
DMC,310,Black,0,0,0,#000000,0,0,0,100,https://stitchpalettes.com/embroidery-thread-color-schemes/?threadcode=310
